Second,CH1,CH2
-1.400000E-07,-2.000004E-02,-1.000000E-02
-1.380000E-07,-2.000004E-02,-1.000000E-02
-1.360000E-07,-2.000004E-02,-1.000000E-02
-1.340000E-07,-2.000004E-02,-1.000000E-02
-1.320000E-07,-2.000004E-02,-1.000000E-02
-1.300000E-07,-2.000004E-02,-7.999999E-03
-1.280000E-07,-6.000012E-02,-7.999999E-03
-1.260000E-07,-6.000012E-02,-7.999999E-03
-1.240000E-07,-6.000012E-02,-7.999999E-03
-1.220000E-07,-6.000012E-02,-7.999999E-03
-1.200000E-07,-6.000012E-02,-7.999999E-03
-1.180000E-07,-6.000012E-02,-6.000000E-03
-1.160000E-07,-6.000012E-02,-6.000000E-03
-1.140000E-07,-6.000012E-02,-6.000000E-03
-1.120000E-07,-6.000012E-02,-6.000000E-03
-1.100000E-07,-2.000004E-02,-4.000000E-03
-1.080000E-07,-6.000012E-02,-6.000000E-03
-1.060000E-07,-6.000012E-02,-6.000000E-03
-1.040000E-07,-6.000012E-02,-6.000000E-03
-1.020000E-07,-6.000012E-02,-6.000000E-03
-1.000000E-07,-6.000012E-02,-6.000000E-03
-9.800000E-08,-6.000012E-02,-7.999999E-03
-9.600000E-08,-6.000012E-02,-7.999999E-03
-9.400000E-08,-6.000012E-02,-7.999999E-03
-9.200000E-08,-6.000012E-02,-7.999999E-03
-9.000000E-08,-2.000004E-02,-7.999999E-03
-8.800000E-08,-2.000004E-02,-1.000000E-02
-8.600000E-08,-2.000004E-02,-1.000000E-02
-8.400000E-08,-2.000004E-02,-1.000000E-02
-8.200000E-08,-2.000004E-02,-1.200000E-02
-8.000000E-08,-2.000004E-02,-1.200000E-02
-7.800000E-08,-2.000004E-02,-1.200000E-02
-7.600000E-08,-2.000004E-02,-1.000000E-02
-7.400000E-08,-2.000004E-02,-1.000000E-02
-7.200000E-08,-2.000004E-02,-1.000000E-02
-7.000000E-08,+2.000004E-02,-7.999999E-03
-6.800000E-08,-2.000004E-02,-7.999999E-03
-6.600000E-08,-2.000004E-02,-7.999999E-03
-6.400000E-08,-2.000004E-02,-7.999999E-03
-6.200000E-08,-2.000004E-02,-7.999999E-03
-6.000000E-08,-2.000004E-02,-6.000000E-03
-5.800000E-08,-2.000004E-02,-6.000000E-03
-5.600000E-08,-2.000004E-02,-6.000000E-03
-5.400000E-08,-2.000004E-02,-6.000000E-03
-5.200000E-08,-2.000004E-02,-6.000000E-03
-5.000000E-08,+2.000004E-02,-4.000000E-03
-4.800000E-08,-2.000004E-02,-6.000000E-03
-4.600000E-08,-2.000004E-02,-6.000000E-03
-4.400000E-08,-2.000004E-02,-6.000000E-03
-4.200000E-08,-2.000004E-02,-7.999999E-03
-4.000000E-08,+2.000004E-02,-7.999999E-03
-3.800000E-08,+2.000004E-02,-7.999999E-03
-3.600000E-08,+2.000004E-02,-7.999999E-03
-3.400000E-08,+2.000004E-02,-7.999999E-03
-3.200000E-08,+2.000004E-02,-7.999999E-03
-3.000000E-08,+2.000004E-02,-7.999999E-03
-2.800000E-08,-2.000004E-02,-1.000000E-02
-2.600000E-08,-2.000004E-02,-1.000000E-02
-2.400000E-08,-2.000004E-02,-1.000000E-02
-2.200000E-08,-2.000004E-02,-1.000000E-02
-2.000000E-08,-2.000004E-02,-7.999999E-03
-1.800000E-08,-6.000012E-02,-7.999999E-03
-1.600000E-08,-6.000012E-02,-7.999999E-03
-1.400000E-08,-6.000012E-02,-6.000000E-03
-1.200000E-08,-6.000012E-02,-6.000000E-03
-1.000000E-08,-2.000004E-02,-4.000000E-03
-8.000000E-09,-2.000004E-02,-4.000000E-03
-6.000000E-09,-2.000004E-02,-4.000000E-03
-4.000000E-09,-2.000004E-02,-4.000000E-03
-2.000000E-09,-2.000004E-02,-4.000000E-03
+0.000000E+00,-2.000004E-02,-4.000000E-03
+2.000000E-09,-2.000004E-02,-4.000000E-03
+4.000000E-09,+2.000004E-02,-4.000000E-03
+6.000000E-09,+2.000004E-02,-4.000000E-03
+8.000000E-09,+2.000004E-02,-4.000000E-03
+1.000000E-08,+5.999982E-02,-4.000000E-03
+1.200000E-08,+5.999982E-02,-6.000000E-03
+1.400000E-08,+5.999982E-02,-6.000000E-03
+1.600000E-08,+5.999982E-02,-7.999999E-03
+1.800000E-08,+2.000004E-02,-7.999999E-03
+2.000000E-08,+2.000004E-02,-7.999999E-03
+2.200000E-08,+2.000004E-02,-1.000000E-02
+2.400000E-08,+2.000004E-02,-1.000000E-02
+2.600000E-08,+2.000004E-02,-1.000000E-02
+2.800000E-08,+2.000004E-02,-1.000000E-02
+3.000000E-08,+2.000004E-02,-7.999999E-03
+3.200000E-08,-2.000004E-02,-1.000000E-02
+3.400000E-08,-2.000004E-02,-7.999999E-03
+3.600000E-08,-2.000004E-02,-7.999999E-03
+3.800000E-08,-2.000004E-02,-7.999999E-03
+4.000000E-08,-6.000012E-02,-7.999999E-03
+4.200000E-08,-6.000012E-02,-7.999999E-03
+4.400000E-08,-6.000012E-02,-7.999999E-03
+4.600000E-08,-6.000012E-02,-7.999999E-03
+4.800000E-08,-6.000012E-02,-7.999999E-03
+5.000000E-08,-2.000004E-02,-6.000000E-03
+5.200000E-08,-2.000004E-02,-7.999999E-03
+5.400000E-08,-2.000004E-02,-7.999999E-03
+5.600000E-08,-2.000004E-02,-7.999999E-03
+5.800000E-08,-2.000004E-02,-7.999999E-03
+6.000000E-08,-2.000004E-02,-1.000000E-02
+6.200000E-08,-2.000004E-02,-1.000000E-02
+6.400000E-08,-2.000004E-02,-1.000000E-02
+6.600000E-08,-2.000004E-02,-1.000000E-02
+6.800000E-08,-2.000004E-02,-1.000000E-02
+7.000000E-08,+2.000004E-02,-7.999999E-03
+7.200000E-08,-2.000004E-02,-7.999999E-03
+7.400000E-08,-2.000004E-02,-7.999999E-03
+7.600000E-08,-2.000004E-02,-7.999999E-03
+7.800000E-08,-2.000004E-02,-7.999999E-03
+8.000000E-08,-2.000004E-02,-6.000000E-03
+8.200000E-08,-2.000004E-02,-6.000000E-03
+8.400000E-08,-2.000004E-02,-6.000000E-03
+8.600000E-08,-2.000004E-02,-4.000000E-03
+8.800000E-08,-2.000004E-02,-4.000000E-03
+9.000000E-08,+2.000004E-02,-2.000000E-03
+9.200000E-08,-2.000004E-02,-2.000000E-03
+9.400000E-08,-2.000004E-02,-4.000000E-03
+9.600000E-08,-2.000004E-02,-4.000000E-03
+9.800000E-08,-2.000004E-02,-4.000000E-03
+1.000000E-07,-2.000004E-02,-4.000000E-03
+1.020000E-07,-2.000004E-02,-4.000000E-03
+1.040000E-07,-2.000004E-02,-4.000000E-03
+1.060000E-07,-2.000004E-02,-4.000000E-03
+1.080000E-07,-2.000004E-02,-4.000000E-03
+1.100000E-07,+2.000004E-02,-4.000000E-03
+1.120000E-07,-2.000004E-02,-6.000000E-03
+1.140000E-07,-2.000004E-02,-6.000000E-03
+1.160000E-07,-2.000004E-02,-6.000000E-03
+1.180000E-07,-2.000004E-02,-6.000000E-03
+1.200000E-07,-2.000004E-02,-6.000000E-03
+1.220000E-07,-2.000004E-02,-6.000000E-03
+1.240000E-07,-2.000004E-02,-6.000000E-03
+1.260000E-07,-2.000004E-02,-6.000000E-03
+1.280000E-07,-2.000004E-02,-6.000000E-03
+1.300000E-07,-2.000004E-02,-4.000000E-03
+1.320000E-07,-6.000012E-02,-6.000000E-03
+1.340000E-07,-6.000012E-02,-6.000000E-03
+1.360000E-07,-6.000012E-02,-6.000000E-03
+1.380000E-07,-6.000012E-02,-6.000000E-03
+1.400000E-07,-6.000012E-02,-7.999999E-03
+1.420000E-07,-6.000012E-02,-7.999999E-03
+1.440000E-07,-6.000012E-02,-7.999999E-03
+1.460000E-07,-6.000012E-02,-7.999999E-03
+1.480000E-07,-6.000012E-02,-7.999999E-03
+1.500000E-07,-2.000004E-02,-7.999999E-03
+1.520000E-07,-2.000004E-02,-1.000000E-02
+1.540000E-07,-2.000004E-02,-1.000000E-02
+1.560000E-07,-2.000004E-02,-1.000000E-02
+1.580000E-07,-2.000004E-02,-1.000000E-02
+1.600000E-07,-2.000004E-02,-1.000000E-02
+1.620000E-07,-2.000004E-02,-1.000000E-02
+1.640000E-07,-2.000004E-02,-1.000000E-02
+1.660000E-07,-2.000004E-02,-7.999999E-03
+1.680000E-07,+2.000004E-02,-7.999999E-03
+1.700000E-07,+2.000004E-02,-6.000000E-03
+1.720000E-07,-2.000004E-02,-6.000000E-03
+1.740000E-07,-2.000004E-02,-6.000000E-03
+1.760000E-07,-2.000004E-02,-6.000000E-03
+1.780000E-07,-2.000004E-02,-6.000000E-03
+1.800000E-07,-2.000004E-02,-6.000000E-03
+1.820000E-07,-6.000012E-02,-4.000000E-03
+1.840000E-07,-6.000012E-02,-4.000000E-03
+1.860000E-07,-6.000012E-02,-4.000000E-03
+1.880000E-07,-6.000012E-02,-4.000000E-03
+1.900000E-07,-2.000004E-02,-4.000000E-03
+1.920000E-07,-2.000004E-02,-6.000000E-03
+1.940000E-07,-2.000004E-02,-6.000000E-03
+1.960000E-07,-2.000004E-02,-7.999999E-03
+1.980000E-07,-2.000004E-02,-7.999999E-03
+2.000000E-07,-2.000004E-02,-7.999999E-03
+2.020000E-07,-2.000004E-02,-7.999999E-03
+2.040000E-07,-2.000004E-02,-7.999999E-03
+2.060000E-07,-2.000004E-02,-7.999999E-03
+2.080000E-07,-2.000004E-02,-7.999999E-03
+2.100000E-07,+2.000004E-02,-6.000000E-03
+2.120000E-07,-2.000004E-02,-6.000000E-03
+2.140000E-07,-2.000004E-02,-6.000000E-03
+2.160000E-07,-2.000004E-02,-6.000000E-03
+2.180000E-07,-2.000004E-02,-6.000000E-03
+2.200000E-07,-2.000004E-02,-4.000000E-03
+2.220000E-07,-2.000004E-02,-4.000000E-03
+2.240000E-07,-6.000012E-02,-4.000000E-03
+2.260000E-07,-6.000012E-02,-4.000000E-03
+2.280000E-07,-6.000012E-02,-2.000000E-03
+2.300000E-07,-2.000004E-02,-2.000000E-03
+2.320000E-07,-2.000004E-02,-4.000000E-03
+2.340000E-07,-2.000004E-02,-4.000000E-03
+2.360000E-07,-2.000004E-02,-6.000000E-03
+2.380000E-07,-2.000004E-02,-6.000000E-03
+2.400000E-07,-2.000004E-02,-7.999999E-03
+2.420000E-07,+2.000004E-02,-7.999999E-03
+2.440000E-07,+2.000004E-02,-7.999999E-03
+2.460000E-07,+2.000004E-02,-7.999999E-03
+2.480000E-07,+2.000004E-02,-1.000000E-02
+2.500000E-07,+5.999982E-02,-7.999999E-03
+2.520000E-07,+2.000004E-02,-1.000000E-02
+2.540000E-07,+2.000004E-02,-1.000000E-02
+2.560000E-07,+2.000004E-02,-7.999999E-03
+2.580000E-07,+2.000004E-02,-7.999999E-03
+2.600000E-07,+2.000004E-02,-7.999999E-03
+2.620000E-07,-2.000004E-02,-7.999999E-03
+2.640000E-07,-2.000004E-02,-6.000000E-03
+2.660000E-07,-2.000004E-02,-6.000000E-03
+2.680000E-07,-2.000004E-02,-6.000000E-03
+2.700000E-07,-2.000004E-02,-4.000000E-03
+2.720000E-07,-6.000012E-02,-6.000000E-03
+2.740000E-07,-6.000012E-02,-6.000000E-03
+2.760000E-07,-6.000012E-02,-6.000000E-03
+2.780000E-07,-6.000012E-02,-7.999999E-03
+2.800000E-07,-6.000012E-02,-7.999999E-03
+2.820000E-07,-6.000012E-02,-7.999999E-03
+2.840000E-07,-6.000012E-02,-1.000000E-02
+2.860000E-07,-6.000012E-02,-1.000000E-02
+2.880000E-07,-6.000012E-02,-1.000000E-02
+2.900000E-07,-2.000004E-02,-1.000000E-02
+2.920000E-07,-2.000004E-02,-1.200000E-02
+2.940000E-07,-2.000004E-02,-1.200000E-02
+2.960000E-07,-2.000004E-02,-1.200000E-02
+2.980000E-07,-2.000004E-02,-1.200000E-02
+3.000000E-07,-2.000004E-02,-1.200000E-02
+3.020000E-07,-2.000004E-02,-1.000000E-02
+3.040000E-07,-2.000004E-02,-1.000000E-02
+3.060000E-07,-2.000004E-02,-7.999999E-03
+3.080000E-07,-2.000004E-02,-7.999999E-03
+3.100000E-07,+2.000004E-02,-6.000000E-03
+3.120000E-07,+2.000004E-02,-6.000000E-03
+3.140000E-07,+2.000004E-02,-6.000000E-03
+3.160000E-07,+2.000004E-02,-6.000000E-03
+3.180000E-07,+2.000004E-02,-6.000000E-03
+3.200000E-07,+2.000004E-02,-6.000000E-03
+3.220000E-07,+2.000004E-02,-6.000000E-03
+3.240000E-07,+2.000004E-02,-6.000000E-03
+3.260000E-07,+2.000004E-02,-6.000000E-03
+3.280000E-07,+2.000004E-02,-6.000000E-03
+3.300000E-07,+5.999982E-02,-6.000000E-03
+3.320000E-07,+2.000004E-02,-7.999999E-03
+3.340000E-07,+2.000004E-02,-7.999999E-03
+3.360000E-07,+2.000004E-02,-7.999999E-03
+3.380000E-07,+2.000004E-02,-1.000000E-02
+3.400000E-07,-2.000004E-02,-1.000000E-02
+3.420000E-07,-2.000004E-02,-1.000000E-02
+3.440000E-07,-2.000004E-02,-1.000000E-02
+3.460000E-07,-2.000004E-02,-1.000000E-02
+3.480000E-07,-2.000004E-02,-1.000000E-02
+3.500000E-07,-2.000004E-02,-7.999999E-03
+3.520000E-07,-6.000012E-02,-1.000000E-02
+3.540000E-07,-6.000012E-02,-1.000000E-02
+3.560000E-07,-6.000012E-02,-1.000000E-02
+3.580000E-07,-6.000012E-02,-1.000000E-02
+3.600000E-07,-6.000012E-02,-1.000000E-02
+3.620000E-07,-6.000012E-02,-7.999999E-03
+3.640000E-07,-6.000012E-02,-7.999999E-03
+3.660000E-07,-6.000012E-02,-7.999999E-03
+3.680000E-07,-6.000012E-02,-7.999999E-03
+3.700000E-07,-2.000004E-02,-6.000000E-03
+3.720000E-07,-2.000004E-02,-6.000000E-03
+3.740000E-07,-2.000004E-02,-6.000000E-03
+3.760000E-07,-2.000004E-02,-6.000000E-03
+3.780000E-07,-6.000012E-02,-6.000000E-03
+3.800000E-07,-6.000012E-02,-6.000000E-03
+3.820000E-07,-6.000012E-02,-6.000000E-03
+3.840000E-07,-6.000012E-02,-6.000000E-03
+3.860000E-07,-6.000012E-02,-6.000000E-03
+3.880000E-07,-6.000012E-02,-6.000000E-03
+3.900000E-07,-2.000004E-02,-6.000000E-03
+3.920000E-07,-6.000012E-02,-7.999999E-03
+3.940000E-07,-6.000012E-02,-7.999999E-03
+3.960000E-07,-6.000012E-02,-1.000000E-02
+3.980000E-07,-6.000012E-02,-1.000000E-02
+4.000000E-07,-2.000004E-02,-1.000000E-02
+4.020000E-07,-2.000004E-02,-1.000000E-02
+4.040000E-07,-2.000004E-02,-1.000000E-02
+4.060000E-07,-2.000004E-02,-1.200000E-02
+4.080000E-07,-2.000004E-02,-1.200000E-02
+4.100000E-07,+2.000004E-02,-1.000000E-02
+4.120000E-07,+2.000004E-02,-1.200000E-02
+4.140000E-07,+2.000004E-02,-1.200000E-02
+4.160000E-07,+2.000004E-02,-1.200000E-02
+4.180000E-07,+2.000004E-02,-1.200000E-02
+4.200000E-07,+2.000004E-02,-1.000000E-02
+4.220000E-07,+2.000004E-02,-1.000000E-02
+4.240000E-07,+2.000004E-02,-1.000000E-02
+4.260000E-07,+2.000004E-02,-1.000000E-02
+4.280000E-07,+2.000004E-02,-1.000000E-02
+4.300000E-07,+5.999982E-02,-7.999999E-03
+4.320000E-07,+2.000004E-02,-1.000000E-02
+4.340000E-07,+2.000004E-02,-1.000000E-02
+4.360000E-07,+2.000004E-02,-1.000000E-02
+4.380000E-07,+2.000004E-02,-1.000000E-02
+4.400000E-07,+2.000004E-02,-1.000000E-02
+4.420000E-07,-2.000004E-02,-1.000000E-02
+4.440000E-07,-2.000004E-02,-1.000000E-02
+4.460000E-07,-2.000004E-02,-1.000000E-02
+4.480000E-07,-2.000004E-02,-1.000000E-02
+4.500000E-07,-2.000004E-02,-7.999999E-03
+4.520000E-07,-6.000012E-02,-1.000000E-02
+4.540000E-07,-6.000012E-02,-7.999999E-03
+4.560000E-07,-6.000012E-02,-7.999999E-03
+4.580000E-07,-6.000012E-02,-7.999999E-03
+4.600000E-07,-6.000012E-02,-7.999999E-03
+4.620000E-07,-6.000012E-02,-7.999999E-03
+4.640000E-07,-6.000012E-02,-6.000000E-03
+4.660000E-07,-6.000012E-02,-6.000000E-03
+4.680000E-07,-6.000012E-02,-6.000000E-03
+4.700000E-07,-2.000004E-02,-4.000000E-03
+4.720000E-07,-2.000004E-02,-4.000000E-03
+4.740000E-07,-2.000004E-02,-4.000000E-03
+4.760000E-07,-2.000004E-02,-4.000000E-03
+4.780000E-07,-2.000004E-02,-6.000000E-03
+4.800000E-07,+2.000004E-02,-6.000000E-03
+4.820000E-07,+2.000004E-02,-6.000000E-03
+4.840000E-07,+2.000004E-02,-6.000000E-03
+4.860000E-07,+2.000004E-02,-6.000000E-03
+4.880000E-07,+2.000004E-02,-6.000000E-03
+4.900000E-07,+5.999982E-02,-6.000000E-03
+4.920000E-07,+2.000004E-02,-7.999999E-03
+4.940000E-07,+2.000004E-02,-7.999999E-03
+4.960000E-07,+2.000004E-02,-1.000000E-02
+4.980000E-07,+2.000004E-02,-1.000000E-02
+5.000000E-07,+2.000004E-02,-1.000000E-02
+5.020000E-07,+2.000004E-02,-1.000000E-02
+5.040000E-07,+2.000004E-02,-1.000000E-02
+5.060000E-07,+2.000004E-02,-1.000000E-02
+5.080000E-07,+2.000004E-02,-1.000000E-02
+5.100000E-07,+2.000004E-02,-7.999999E-03
+5.120000E-07,-2.000004E-02,-7.999999E-03
+5.140000E-07,-2.000004E-02,-7.999999E-03
+5.160000E-07,-2.000004E-02,-7.999999E-03
+5.180000E-07,-2.000004E-02,-7.999999E-03
+5.200000E-07,-2.000004E-02,-7.999999E-03
+5.220000E-07,-2.000004E-02,-6.000000E-03
+5.240000E-07,-2.000004E-02,-6.000000E-03
+5.260000E-07,-2.000004E-02,-6.000000E-03
+5.280000E-07,-2.000004E-02,-6.000000E-03
+5.300000E-07,+2.000004E-02,-4.000000E-03
+5.320000E-07,-2.000004E-02,-6.000000E-03
+5.340000E-07,-2.000004E-02,-6.000000E-03
+5.360000E-07,-2.000004E-02,-6.000000E-03
+5.380000E-07,-2.000004E-02,-6.000000E-03
+5.400000E-07,-2.000004E-02,-7.999999E-03
+5.420000E-07,-2.000004E-02,-7.999999E-03
+5.440000E-07,-2.000004E-02,-7.999999E-03
+5.460000E-07,-2.000004E-02,-7.999999E-03
+5.480000E-07,-2.000004E-02,-7.999999E-03
+5.500000E-07,-2.000004E-02,-7.999999E-03
+5.520000E-07,-6.000012E-02,-1.000000E-02
+5.540000E-07,-6.000012E-02,-1.000000E-02
+5.560000E-07,-6.000012E-02,-1.000000E-02
+5.580000E-07,-6.000012E-02,-1.000000E-02
+5.600000E-07,-2.000004E-02,-1.000000E-02
+5.620000E-07,-2.000004E-02,-1.000000E-02
+5.640000E-07,-2.000004E-02,-7.999999E-03
+5.660000E-07,-2.000004E-02,-7.999999E-03
+5.680000E-07,-2.000004E-02,-7.999999E-03
+5.700000E-07,+2.000004E-02,-6.000000E-03
+5.720000E-07,+2.000004E-02,-6.000000E-03
+5.740000E-07,+2.000004E-02,-6.000000E-03
+5.760000E-07,+2.000004E-02,-6.000000E-03
+5.780000E-07,+2.000004E-02,-6.000000E-03
+5.800000E-07,+2.000004E-02,-6.000000E-03
+5.820000E-07,+2.000004E-02,-6.000000E-03
+5.840000E-07,+2.000004E-02,-6.000000E-03
+5.860000E-07,+2.000004E-02,-6.000000E-03
+5.880000E-07,+2.000004E-02,-6.000000E-03
+5.900000E-07,+2.000004E-02,-4.000000E-03
+5.920000E-07,-2.000004E-02,-6.000000E-03
+5.940000E-07,-2.000004E-02,-6.000000E-03
+5.960000E-07,-2.000004E-02,-6.000000E-03
+5.980000E-07,-2.000004E-02,-6.000000E-03
+6.000000E-07,-2.000004E-02,-6.000000E-03
+6.020000E-07,-2.000004E-02,-6.000000E-03
+6.040000E-07,-2.000004E-02,-6.000000E-03
+6.060000E-07,-2.000004E-02,-6.000000E-03
+6.080000E-07,-2.000004E-02,-6.000000E-03
+6.100000E-07,-2.000004E-02,-6.000000E-03
+6.120000E-07,-6.000012E-02,-7.999999E-03
+6.140000E-07,-6.000012E-02,-7.999999E-03
+6.160000E-07,-6.000012E-02,-7.999999E-03
+6.180000E-07,-6.000012E-02,-7.999999E-03
+6.200000E-07,-6.000012E-02,-1.000000E-02
+6.220000E-07,-2.000004E-02,-1.000000E-02
+6.240000E-07,-2.000004E-02,-1.000000E-02
+6.260000E-07,-2.000004E-02,-1.000000E-02
+6.280000E-07,-2.000004E-02,-1.000000E-02
+6.300000E-07,+2.000004E-02,-7.999999E-03
+6.320000E-07,+2.000004E-02,-1.000000E-02
+6.340000E-07,+2.000004E-02,-1.000000E-02
+6.360000E-07,+2.000004E-02,-1.000000E-02
+6.380000E-07,+2.000004E-02,-1.000000E-02
+6.400000E-07,+2.000004E-02,-7.999999E-03
+6.420000E-07,+5.999982E-02,-7.999999E-03
+6.440000E-07,+5.999982E-02,-7.999999E-03
+6.460000E-07,+5.999982E-02,-7.999999E-03
+6.480000E-07,+5.999982E-02,-7.999999E-03
+6.500000E-07,+5.999982E-02,-6.000000E-03
+6.520000E-07,+2.000004E-02,-7.999999E-03
+6.540000E-07,+2.000004E-02,-7.999999E-03
+6.560000E-07,+2.000004E-02,-7.999999E-03
+6.580000E-07,-2.000004E-02,-7.999999E-03
+6.600000E-07,-2.000004E-02,-7.999999E-03
+6.620000E-07,-2.000004E-02,-7.999999E-03
+6.640000E-07,-2.000004E-02,-7.999999E-03
+6.660000E-07,-2.000004E-02,-7.999999E-03
+6.680000E-07,-2.000004E-02,-7.999999E-03
+6.700000E-07,-2.000004E-02,-6.000000E-03
+6.720000E-07,-6.000012E-02,-7.999999E-03
+6.740000E-07,-6.000012E-02,-7.999999E-03
+6.760000E-07,-2.000004E-02,-7.999999E-03
+6.780000E-07,-2.000004E-02,-7.999999E-03
+6.800000E-07,-2.000004E-02,-6.000000E-03
+6.820000E-07,-2.000004E-02,-6.000000E-03
+6.840000E-07,-2.000004E-02,-6.000000E-03
+6.860000E-07,-2.000004E-02,-6.000000E-03
+6.880000E-07,-2.000004E-02,-6.000000E-03
+6.900000E-07,+2.000004E-02,-4.000000E-03
+6.920000E-07,-2.000004E-02,-6.000000E-03
+6.940000E-07,-2.000004E-02,-6.000000E-03
+6.960000E-07,-2.000004E-02,-6.000000E-03
+6.980000E-07,-2.000004E-02,-6.000000E-03
+7.000000E-07,-2.000004E-02,-6.000000E-03
+7.020000E-07,-2.000004E-02,-6.000000E-03
+7.040000E-07,-2.000004E-02,-6.000000E-03
+7.060000E-07,-2.000004E-02,-6.000000E-03
+7.080000E-07,-2.000004E-02,-6.000000E-03
+7.100000E-07,-2.000004E-02,-6.000000E-03
+7.120000E-07,-6.000012E-02,-7.999999E-03
+7.140000E-07,-6.000012E-02,-7.999999E-03
+7.160000E-07,-6.000012E-02,-1.000000E-02
+7.180000E-07,-2.000004E-02,-1.000000E-02
+7.200000E-07,-2.000004E-02,-1.000000E-02
+7.220000E-07,-2.000004E-02,-1.000000E-02
+7.240000E-07,-2.000004E-02,-1.000000E-02
+7.260000E-07,-2.000004E-02,-1.000000E-02
+7.280000E-07,-2.000004E-02,-1.000000E-02
+7.300000E-07,+2.000004E-02,-7.999999E-03
+7.320000E-07,-2.000004E-02,-7.999999E-03
+7.340000E-07,-2.000004E-02,-7.999999E-03
+7.360000E-07,-2.000004E-02,-7.999999E-03
+7.380000E-07,-2.000004E-02,-7.999999E-03
+7.400000E-07,-2.000004E-02,-7.999999E-03
+7.420000E-07,-2.000004E-02,-6.000000E-03
+7.440000E-07,-2.000004E-02,-6.000000E-03
+7.460000E-07,-2.000004E-02,-6.000000E-03
+7.480000E-07,-2.000004E-02,-6.000000E-03
+7.500000E-07,-2.000004E-02,-4.000000E-03
+7.520000E-07,-6.000012E-02,-6.000000E-03
+7.540000E-07,-6.000012E-02,-6.000000E-03
+7.560000E-07,-6.000012E-02,-6.000000E-03
+7.580000E-07,-6.000012E-02,-6.000000E-03
+7.600000E-07,-6.000012E-02,-7.999999E-03
+7.620000E-07,-6.000012E-02,-7.999999E-03
+7.640000E-07,-6.000012E-02,-7.999999E-03
+7.660000E-07,-6.000012E-02,-7.999999E-03
+7.680000E-07,-6.000012E-02,-7.999999E-03
+7.700000E-07,-2.000004E-02,-7.999999E-03
+7.720000E-07,-2.000004E-02,-1.000000E-02
+7.740000E-07,-2.000004E-02,-1.000000E-02
+7.760000E-07,-2.000004E-02,-1.000000E-02
+7.780000E-07,-2.000004E-02,-1.000000E-02
+7.800000E-07,-2.000004E-02,-1.000000E-02
+7.820000E-07,-2.000004E-02,-1.000000E-02
+7.840000E-07,-2.000004E-02,-7.999999E-03
+7.860000E-07,-2.000004E-02,-7.999999E-03
+7.880000E-07,-2.000004E-02,-7.999999E-03
+7.900000E-07,+2.000004E-02,-6.000000E-03
+7.920000E-07,+2.000004E-02,-6.000000E-03
+7.940000E-07,+2.000004E-02,-6.000000E-03
+7.960000E-07,+2.000004E-02,-6.000000E-03
+7.980000E-07,+2.000004E-02,-6.000000E-03
+8.000000E-07,+2.000004E-02,-6.000000E-03
+8.020000E-07,+2.000004E-02,-6.000000E-03
+8.040000E-07,+2.000004E-02,-6.000000E-03
+8.060000E-07,+2.000004E-02,-6.000000E-03
+8.080000E-07,+5.999982E-02,-6.000000E-03
+8.100000E-07,+5.999982E-02,-6.000000E-03
+8.120000E-07,+2.000004E-02,-7.999999E-03
+8.140000E-07,+2.000004E-02,-7.999999E-03
+8.160000E-07,+2.000004E-02,-7.999999E-03
+8.180000E-07,+2.000004E-02,-1.000000E-02
+8.200000E-07,-2.000004E-02,-1.000000E-02
+8.220000E-07,-2.000004E-02,-1.000000E-02
+8.240000E-07,-2.000004E-02,-1.000000E-02
+8.260000E-07,-2.000004E-02,-1.000000E-02
+8.280000E-07,-2.000004E-02,-1.000000E-02
+8.300000E-07,-2.000004E-02,-7.999999E-03
+8.320000E-07,-6.000012E-02,-7.999999E-03
+8.340000E-07,-6.000012E-02,-7.999999E-03
+8.360000E-07,-6.000012E-02,-7.999999E-03
+8.380000E-07,-6.000012E-02,-7.999999E-03
+8.400000E-07,-6.000012E-02,-7.999999E-03
+8.420000E-07,-6.000012E-02,-6.000000E-03
+8.440000E-07,-6.000012E-02,-6.000000E-03
+8.460000E-07,-6.000012E-02,-6.000000E-03
+8.480000E-07,-6.000012E-02,-6.000000E-03
+8.500000E-07,-2.000004E-02,-4.000000E-03
+8.520000E-07,-6.000012E-02,-6.000000E-03
+8.540000E-07,-6.000012E-02,-6.000000E-03
+8.560000E-07,-6.000012E-02,-6.000000E-03
+8.580000E-07,-6.000012E-02,-6.000000E-03
+8.600000E-07,-6.000012E-02,-6.000000E-03
+8.620000E-07,-6.000012E-02,-7.999999E-03
+8.640000E-07,-6.000012E-02,-7.999999E-03
+8.660000E-07,-6.000012E-02,-7.999999E-03
+8.680000E-07,-6.000012E-02,-7.999999E-03
+8.700000E-07,-2.000004E-02,-7.999999E-03
+8.720000E-07,-2.000004E-02,-1.000000E-02
+8.740000E-07,-2.000004E-02,-1.000000E-02
+8.760000E-07,-2.000004E-02,-1.000000E-02
+8.780000E-07,-2.000004E-02,-1.000000E-02
+8.800000E-07,-2.000004E-02,-1.000000E-02
+8.820000E-07,-2.000004E-02,-1.000000E-02
+8.840000E-07,-2.000004E-02,-1.000000E-02
+8.860000E-07,-2.000004E-02,-1.000000E-02
+8.880000E-07,-2.000004E-02,-1.000000E-02
+8.900000E-07,+2.000004E-02,-7.999999E-03
+8.920000E-07,-2.000004E-02,-7.999999E-03
+8.940000E-07,-2.000004E-02,-7.999999E-03
+8.960000E-07,-2.000004E-02,-7.999999E-03
+8.980000E-07,-2.000004E-02,-7.999999E-03
+9.000000E-07,-2.000004E-02,-7.999999E-03
+9.020000E-07,-2.000004E-02,-7.999999E-03
+9.040000E-07,-2.000004E-02,-7.999999E-03
+9.060000E-07,-6.000012E-02,-7.999999E-03
+9.080000E-07,-6.000012E-02,-7.999999E-03
+9.100000E-07,-2.000004E-02,-6.000000E-03
+9.120000E-07,-6.000012E-02,-7.999999E-03
+9.140000E-07,-6.000012E-02,-7.999999E-03
+9.160000E-07,-2.000004E-02,-7.999999E-03
+9.180000E-07,-2.000004E-02,-7.999999E-03
+9.200000E-07,-2.000004E-02,-7.999999E-03
+9.220000E-07,-2.000004E-02,-7.999999E-03
+9.240000E-07,-2.000004E-02,-7.999999E-03
+9.260000E-07,-2.000004E-02,-7.999999E-03
+9.280000E-07,-2.000004E-02,-7.999999E-03
+9.300000E-07,+2.000004E-02,-6.000000E-03
+9.320000E-07,-2.000004E-02,-6.000000E-03
+9.340000E-07,-2.000004E-02,-6.000000E-03
+9.360000E-07,-2.000004E-02,-6.000000E-03
+9.380000E-07,-2.000004E-02,-6.000000E-03
+9.400000E-07,-2.000004E-02,-6.000000E-03
+9.420000E-07,-2.000004E-02,-6.000000E-03
+9.440000E-07,-2.000004E-02,-6.000000E-03
+9.460000E-07,-2.000004E-02,-6.000000E-03
+9.480000E-07,-2.000004E-02,-6.000000E-03
+9.500000E-07,-2.000004E-02,-4.000000E-03
+9.520000E-07,-6.000012E-02,-6.000000E-03
+9.540000E-07,-6.000012E-02,-6.000000E-03
+9.560000E-07,-6.000012E-02,-6.000000E-03
+9.580000E-07,-6.000012E-02,-6.000000E-03
+9.600000E-07,-6.000012E-02,-7.999999E-03
+9.620000E-07,-2.000004E-02,-7.999999E-03
+9.640000E-07,-2.000004E-02,-7.999999E-03
+9.660000E-07,-2.000004E-02,-7.999999E-03
+9.680000E-07,-2.000004E-02,-7.999999E-03
+9.700000E-07,+2.000004E-02,-7.999999E-03
+9.720000E-07,+2.000004E-02,-1.000000E-02
+9.740000E-07,+2.000004E-02,-1.000000E-02
+9.760000E-07,+2.000004E-02,-1.000000E-02
+9.780000E-07,+2.000004E-02,-1.000000E-02
+9.800000E-07,+2.000004E-02,-1.000000E-02
+9.820000E-07,+2.000004E-02,-1.000000E-02
+9.840000E-07,+2.000004E-02,-1.000000E-02
+9.860000E-07,+2.000004E-02,-1.000000E-02
+9.880000E-07,+2.000004E-02,-1.000000E-02
+9.900000E-07,+2.000004E-02,-7.999999E-03
+9.920000E-07,-2.000004E-02,-7.999999E-03
+9.940000E-07,-2.000004E-02,-7.999999E-03
+9.960000E-07,-2.000004E-02,-7.999999E-03
+9.980000E-07,-2.000004E-02,-7.999999E-03
+1.000000E-06,-2.000004E-02,-7.999999E-03
+1.002000E-06,-2.000004E-02,-7.999999E-03
+1.004000E-06,-6.000012E-02,-7.999999E-03
+1.006000E-06,-6.000012E-02,-7.999999E-03
+1.008000E-06,-6.000012E-02,-7.999999E-03
+1.010000E-06,-2.000004E-02,-6.000000E-03
+1.012000E-06,-6.000012E-02,-7.999999E-03
+1.014000E-06,-6.000012E-02,-7.999999E-03
+1.016000E-06,-2.000004E-02,-7.999999E-03
+1.018000E-06,-2.000004E-02,-7.999999E-03
+1.020000E-06,-2.000004E-02,-7.999999E-03
+1.022000E-06,-2.000004E-02,-7.999999E-03
+1.024000E-06,-2.000004E-02,-7.999999E-03
+1.026000E-06,-2.000004E-02,-7.999999E-03
+1.028000E-06,-2.000004E-02,-7.999999E-03
+1.030000E-06,+2.000004E-02,-6.000000E-03
+1.032000E-06,+2.000004E-02,-6.000000E-03
+1.034000E-06,+2.000004E-02,-6.000000E-03
+1.036000E-06,+2.000004E-02,-6.000000E-03
+1.038000E-06,+2.000004E-02,-6.000000E-03
+1.040000E-06,+2.000004E-02,-6.000000E-03
+1.042000E-06,+2.000004E-02,-6.000000E-03
+1.044000E-06,+2.000004E-02,-6.000000E-03
+1.046000E-06,+2.000004E-02,-6.000000E-03
+1.048000E-06,+2.000004E-02,-6.000000E-03
+1.050000E-06,+2.000004E-02,-4.000000E-03
+1.052000E-06,-2.000004E-02,-6.000000E-03
+1.054000E-06,-2.000004E-02,-6.000000E-03
+1.056000E-06,-2.000004E-02,-6.000000E-03
+1.058000E-06,-2.000004E-02,-7.999999E-03
+1.060000E-06,-2.000004E-02,-7.999999E-03
+1.062000E-06,-2.000004E-02,-7.999999E-03
+1.064000E-06,-6.000012E-02,-7.999999E-03
+1.066000E-06,-6.000012E-02,-1.000000E-02
+1.068000E-06,-6.000012E-02,-1.000000E-02
+1.070000E-06,-2.000004E-02,-7.999999E-03
+1.072000E-06,-6.000012E-02,-1.000000E-02
+1.074000E-06,-6.000012E-02,-1.000000E-02
+1.076000E-06,-6.000012E-02,-7.999999E-03
+1.078000E-06,-6.000012E-02,-7.999999E-03
+1.080000E-06,-6.000012E-02,-7.999999E-03
+1.082000E-06,-6.000012E-02,-7.999999E-03
+1.084000E-06,-6.000012E-02,-6.000000E-03
+1.086000E-06,-6.000012E-02,-6.000000E-03
+1.088000E-06,-6.000012E-02,-6.000000E-03
+1.090000E-06,-2.000004E-02,-4.000000E-03
+1.092000E-06,-6.000012E-02,-6.000000E-03
+1.094000E-06,-6.000012E-02,-6.000000E-03
+1.096000E-06,-6.000012E-02,-6.000000E-03
+1.098000E-06,-6.000012E-02,-6.000000E-03
+1.100000E-06,-6.000012E-02,-7.999999E-03
+1.102000E-06,-6.000012E-02,-7.999999E-03
+1.104000E-06,-6.000012E-02,-7.999999E-03
+1.106000E-06,-6.000012E-02,-7.999999E-03
+1.108000E-06,-6.000012E-02,-7.999999E-03
+1.110000E-06,-2.000004E-02,-7.999999E-03
+1.112000E-06,-2.000004E-02,-1.000000E-02
+1.114000E-06,-2.000004E-02,-1.000000E-02
+1.116000E-06,-2.000004E-02,-1.000000E-02
+1.118000E-06,-2.000004E-02,-1.000000E-02
+1.120000E-06,-2.000004E-02,-1.000000E-02
+1.122000E-06,-2.000004E-02,-1.000000E-02
+1.124000E-06,-2.000004E-02,-1.000000E-02
+1.126000E-06,-2.000004E-02,-1.000000E-02
+1.128000E-06,-2.000004E-02,-1.000000E-02
+1.130000E-06,+2.000004E-02,-7.999999E-03
+1.132000E-06,-2.000004E-02,-1.000000E-02
+1.134000E-06,-2.000004E-02,-1.000000E-02
+1.136000E-06,-2.000004E-02,-7.999999E-03
+1.138000E-06,-2.000004E-02,-7.999999E-03
+1.140000E-06,-2.000004E-02,-7.999999E-03
+1.142000E-06,-2.000004E-02,-7.999999E-03
+1.144000E-06,-2.000004E-02,-7.999999E-03
+1.146000E-06,-6.000012E-02,-6.000000E-03
+1.148000E-06,-6.000012E-02,-6.000000E-03
+1.150000E-06,-2.000004E-02,-4.000000E-03
+1.152000E-06,-6.000012E-02,-4.000000E-03
+1.154000E-06,-6.000012E-02,-4.000000E-03
+1.156000E-06,-6.000012E-02,-4.000000E-03
+1.158000E-06,-6.000012E-02,-4.000000E-03
+1.160000E-06,-6.000012E-02,-4.000000E-03
+1.162000E-06,-6.000012E-02,-4.000000E-03
+1.164000E-06,-6.000012E-02,-4.000000E-03
+1.166000E-06,-6.000012E-02,-6.000000E-03
+1.168000E-06,-6.000012E-02,-6.000000E-03
+1.170000E-06,-2.000004E-02,-6.000000E-03
+1.172000E-06,-6.000012E-02,-7.999999E-03
+1.174000E-06,-6.000012E-02,-1.000000E-02
+1.176000E-06,-6.000012E-02,-1.000000E-02
+1.178000E-06,-6.000012E-02,-1.200000E-02
+1.180000E-06,-6.000012E-02,-1.000000E-02
+1.182000E-06,-6.000012E-02,-1.000000E-02
+1.184000E-06,-6.000012E-02,-7.999999E-03
+1.186000E-06,-6.000012E-02,-6.000000E-03
+1.188000E-06,-6.000012E-02,-4.000000E-03
+1.190000E-06,-2.000004E-02,+0.000000E+00
+1.192000E-06,-2.000004E-02,+2.000000E-03
+1.194000E-06,-2.000004E-02,+6.000000E-03
+1.196000E-06,+2.000004E-02,+7.999999E-03
+1.198000E-06,+5.999982E-02,+1.000000E-02
+1.200000E-06,+5.999982E-02,+1.200000E-02
+1.202000E-06,+1.400000E-01,+1.400000E-02
+1.204000E-06,+1.800001E-01,+1.400000E-02
+1.206000E-06,+2.599999E-01,+1.200000E-02
+1.208000E-06,+3.000000E-01,+1.000000E-02
+1.210000E-06,+4.200000E-01,+7.999999E-03
+1.212000E-06,+5.000000E-01,+2.000000E-03
+1.214000E-06,+5.800000E-01,-4.000000E-03
+1.216000E-06,+6.600000E-01,-1.200000E-02
+1.218000E-06,+7.800000E-01,-1.800000E-02
+1.220000E-06,+8.600000E-01,-2.600000E-02
+1.222000E-06,+9.799999E-01,-3.200000E-02
+1.224000E-06,+1.140000E+00,-3.800000E-02
+1.226000E-06,+1.260000E+00,-4.200000E-02
+1.228000E-06,+1.380000E+00,-4.600000E-02
+1.230000E-06,+1.540000E+00,-4.600000E-02
+1.232000E-06,+1.660000E+00,-4.600000E-02
+1.234000E-06,+1.780000E+00,-4.400000E-02
+1.236000E-06,+1.900000E+00,-3.800000E-02
+1.238000E-06,+2.060000E+00,-3.200000E-02
+1.240000E-06,+2.180000E+00,-2.200000E-02
+1.242000E-06,+2.300000E+00,-1.200000E-02
+1.244000E-06,+2.420000E+00,+0.000000E+00
+1.246000E-06,+2.540000E+00,+1.400000E-02
+1.248000E-06,+2.660000E+00,+2.600000E-02
+1.250000E-06,+2.780000E+00,+4.000000E-02
+1.252000E-06,+2.860000E+00,+5.000000E-02
+1.254000E-06,+2.940000E+00,+6.000000E-02
+1.256000E-06,+3.020000E+00,+6.800000E-02
+1.258000E-06,+3.100000E+00,+7.400000E-02
+1.260000E-06,+3.180000E+00,+7.799999E-02
+1.262000E-06,+3.220000E+00,+7.799999E-02
+1.264000E-06,+3.300000E+00,+7.600000E-02
+1.266000E-06,+3.380000E+00,+7.000000E-02
+1.268000E-06,+3.420000E+00,+6.200000E-02
+1.270000E-06,+3.500000E+00,+5.400000E-02
+1.272000E-06,+3.540000E+00,+4.200000E-02
+1.274000E-06,+3.580000E+00,+2.800000E-02
+1.276000E-06,+3.620000E+00,+1.400000E-02
+1.278000E-06,+3.660000E+00,+0.000000E+00
+1.280000E-06,+3.700000E+00,-1.200000E-02
+1.282000E-06,+3.740000E+00,-2.400000E-02
+1.284000E-06,+3.780000E+00,-3.400000E-02
+1.286000E-06,+3.820000E+00,-4.200000E-02
+1.288000E-06,+3.860000E+00,-4.800000E-02
+1.290000E-06,+3.900000E+00,-5.000000E-02
+1.292000E-06,+3.900000E+00,-5.200000E-02
+1.294000E-06,+3.940000E+00,-5.000000E-02
+1.296000E-06,+3.940000E+00,-4.600000E-02
+1.298000E-06,+3.980000E+00,-4.000000E-02
+1.300000E-06,+3.980000E+00,-3.200000E-02
+1.302000E-06,+4.020000E+00,-2.200000E-02
+1.304000E-06,+4.020000E+00,-1.400000E-02
+1.306000E-06,+4.060000E+00,-4.000000E-03
+1.308000E-06,+4.060000E+00,+6.000000E-03
+1.310000E-06,+4.100000E+00,+1.600000E-02
+1.312000E-06,+4.100000E+00,+2.200000E-02
+1.314000E-06,+4.100000E+00,+2.800000E-02
+1.316000E-06,+4.100000E+00,+3.000000E-02
+1.318000E-06,+4.140000E+00,+3.200000E-02
+1.320000E-06,+4.140000E+00,+3.200000E-02
+1.322000E-06,+4.140000E+00,+3.000000E-02
+1.324000E-06,+4.140000E+00,+2.600000E-02
+1.326000E-06,+4.140000E+00,+2.000000E-02
+1.328000E-06,+4.140000E+00,+1.400000E-02
+1.330000E-06,+4.180000E+00,+7.999999E-03
+1.332000E-06,+4.140000E+00,-2.000000E-03
+1.334000E-06,+4.140000E+00,-1.000000E-02
+1.336000E-06,+4.140000E+00,-1.800000E-02
+1.338000E-06,+4.100000E+00,-2.600000E-02
+1.340000E-06,+4.100000E+00,-3.200000E-02
+1.342000E-06,+4.060000E+00,-3.800000E-02
+1.344000E-06,+4.060000E+00,-4.200000E-02
+1.346000E-06,+4.020000E+00,-4.400000E-02
+1.348000E-06,+4.020000E+00,-4.600000E-02
+1.350000E-06,+4.020000E+00,-4.400000E-02
+1.352000E-06,+3.980000E+00,-4.400000E-02
+1.354000E-06,+3.940000E+00,-4.000000E-02
+1.356000E-06,+3.940000E+00,-3.600000E-02
+1.358000E-06,+3.940000E+00,-3.200000E-02
+1.360000E-06,+3.900000E+00,-2.400000E-02
+1.362000E-06,+3.900000E+00,-1.600000E-02
+1.364000E-06,+3.900000E+00,-7.999999E-03
+1.366000E-06,+3.900000E+00,+2.000000E-03
+1.368000E-06,+3.900000E+00,+1.200000E-02
+1.370000E-06,+3.900000E+00,+2.200000E-02
+1.372000E-06,+3.860000E+00,+3.000000E-02
+1.374000E-06,+3.860000E+00,+4.000000E-02
+1.376000E-06,+3.860000E+00,+4.800000E-02
+1.378000E-06,+3.860000E+00,+5.400000E-02
+1.380000E-06,+3.860000E+00,+6.200000E-02
+1.382000E-06,+3.860000E+00,+6.600000E-02
+1.384000E-06,+3.860000E+00,+7.000000E-02
+1.386000E-06,+3.860000E+00,+7.200000E-02
+1.388000E-06,+3.860000E+00,+7.200000E-02
+1.390000E-06,+3.900000E+00,+7.200000E-02
+1.392000E-06,+3.900000E+00,+6.800000E-02
+1.394000E-06,+3.900000E+00,+6.200000E-02
+1.396000E-06,+3.900000E+00,+5.600000E-02
+1.398000E-06,+3.900000E+00,+4.800000E-02
+1.400000E-06,+3.900000E+00,+4.000000E-02
+1.402000E-06,+3.900000E+00,+3.000000E-02
+1.404000E-06,+3.940000E+00,+2.000000E-02
+1.406000E-06,+3.940000E+00,+1.000000E-02
+1.408000E-06,+3.940000E+00,+0.000000E+00
+1.410000E-06,+3.980000E+00,-1.000000E-02
+1.412000E-06,+3.940000E+00,-2.000000E-02
+1.414000E-06,+3.940000E+00,-3.000000E-02
+1.416000E-06,+3.940000E+00,-3.800000E-02
+1.418000E-06,+3.940000E+00,-4.400000E-02
+1.420000E-06,+3.940000E+00,-5.000000E-02
+1.422000E-06,+3.940000E+00,-5.400000E-02
+1.424000E-06,+3.940000E+00,-5.600000E-02
+1.426000E-06,+3.940000E+00,-5.800000E-02
+1.428000E-06,+3.940000E+00,-5.600000E-02
+1.430000E-06,+3.980000E+00,-5.400000E-02
+1.432000E-06,+3.940000E+00,-5.200000E-02
+1.434000E-06,+3.940000E+00,-4.800000E-02
+1.436000E-06,+3.940000E+00,-4.400000E-02
+1.438000E-06,+3.940000E+00,-3.800000E-02
+1.440000E-06,+3.940000E+00,-3.400000E-02
+1.442000E-06,+3.940000E+00,-2.800000E-02
+1.444000E-06,+3.940000E+00,-2.200000E-02
+1.446000E-06,+3.940000E+00,-1.600000E-02
+1.448000E-06,+3.940000E+00,-1.000000E-02
+1.450000E-06,+3.980000E+00,-4.000000E-03
+1.452000E-06,+3.940000E+00,+0.000000E+00
+1.454000E-06,+3.940000E+00,+2.000000E-03
+1.456000E-06,+3.940000E+00,+6.000000E-03
+1.458000E-06,+3.900000E+00,+7.999999E-03
+1.460000E-06,+3.900000E+00,+1.000000E-02
+1.462000E-06,+3.900000E+00,+1.000000E-02
+1.464000E-06,+3.900000E+00,+1.000000E-02
+1.466000E-06,+3.900000E+00,+1.200000E-02
+1.468000E-06,+3.900000E+00,+1.200000E-02
+1.470000E-06,+3.900000E+00,+1.200000E-02
+1.472000E-06,+3.860000E+00,+1.000000E-02
+1.474000E-06,+3.860000E+00,+1.000000E-02
+1.476000E-06,+3.860000E+00,+7.999999E-03
+1.478000E-06,+3.860000E+00,+7.999999E-03
+1.480000E-06,+3.860000E+00,+7.999999E-03
+1.482000E-06,+3.860000E+00,+6.000000E-03
+1.484000E-06,+3.860000E+00,+6.000000E-03
+1.486000E-06,+3.860000E+00,+6.000000E-03
+1.488000E-06,+3.860000E+00,+6.000000E-03
+1.490000E-06,+3.900000E+00,+6.000000E-03
+1.492000E-06,+3.900000E+00,+4.000000E-03
+1.494000E-06,+3.900000E+00,+4.000000E-03
+1.496000E-06,+3.900000E+00,+2.000000E-03
+1.498000E-06,+3.900000E+00,+2.000000E-03
+1.500000E-06,+3.900000E+00,+0.000000E+00
+1.502000E-06,+3.900000E+00,+0.000000E+00
+1.504000E-06,+3.900000E+00,-2.000000E-03
+1.506000E-06,+3.900000E+00,-4.000000E-03
+1.508000E-06,+3.900000E+00,-4.000000E-03
+1.510000E-06,+3.940000E+00,-4.000000E-03
+1.512000E-06,+3.900000E+00,-6.000000E-03
+1.514000E-06,+3.900000E+00,-7.999999E-03
+1.516000E-06,+3.900000E+00,-7.999999E-03
+1.518000E-06,+3.900000E+00,-7.999999E-03
+1.520000E-06,+3.900000E+00,-7.999999E-03
+1.522000E-06,+3.900000E+00,-7.999999E-03
+1.524000E-06,+3.900000E+00,-7.999999E-03
+1.526000E-06,+3.860000E+00,-6.000000E-03
+1.528000E-06,+3.860000E+00,-4.000000E-03
+1.530000E-06,+3.900000E+00,-2.000000E-03
+1.532000E-06,+3.860000E+00,-2.000000E-03
+1.534000E-06,+3.860000E+00,+0.000000E+00
+1.536000E-06,+3.860000E+00,+2.000000E-03
+1.538000E-06,+3.860000E+00,+2.000000E-03
+1.540000E-06,+3.860000E+00,+4.000000E-03
+1.542000E-06,+3.860000E+00,+4.000000E-03
+1.544000E-06,+3.860000E+00,+4.000000E-03
+1.546000E-06,+3.860000E+00,+4.000000E-03
+1.548000E-06,+3.860000E+00,+4.000000E-03
+1.550000E-06,+3.900000E+00,+4.000000E-03
+1.552000E-06,+3.900000E+00,+0.000000E+00
+1.554000E-06,+3.900000E+00,-2.000000E-03
+1.556000E-06,+3.900000E+00,-6.000000E-03
+1.558000E-06,+3.900000E+00,-1.000000E-02
+1.560000E-06,+3.900000E+00,-1.400000E-02
+1.562000E-06,+3.900000E+00,-1.800000E-02
+1.564000E-06,+3.940000E+00,-2.200000E-02
+1.566000E-06,+3.940000E+00,-2.600000E-02
+1.568000E-06,+3.940000E+00,-3.200000E-02
+1.570000E-06,+3.980000E+00,-3.400000E-02
+1.572000E-06,+3.940000E+00,-4.000000E-02
+1.574000E-06,+3.940000E+00,-4.200000E-02
+1.576000E-06,+3.940000E+00,-4.600000E-02
+1.578000E-06,+3.940000E+00,-4.600000E-02
+1.580000E-06,+3.940000E+00,-4.800000E-02
+1.582000E-06,+3.940000E+00,-4.800000E-02
+1.584000E-06,+3.940000E+00,-4.600000E-02
+1.586000E-06,+3.940000E+00,-4.400000E-02
+1.588000E-06,+3.940000E+00,-4.000000E-02
+1.590000E-06,+3.980000E+00,-3.600000E-02
+1.592000E-06,+3.940000E+00,-3.200000E-02
+1.594000E-06,+3.940000E+00,-2.800000E-02
+1.596000E-06,+3.940000E+00,-2.200000E-02
+1.598000E-06,+3.940000E+00,-1.800000E-02
+1.600000E-06,+3.900000E+00,-1.200000E-02
+1.602000E-06,+3.900000E+00,-6.000000E-03
+1.604000E-06,+3.900000E+00,+0.000000E+00
+1.606000E-06,+3.900000E+00,+4.000000E-03
+1.608000E-06,+3.900000E+00,+1.000000E-02
+1.610000E-06,+3.940000E+00,+1.400000E-02
+1.612000E-06,+3.900000E+00,+1.600000E-02
+1.614000E-06,+3.900000E+00,+1.800000E-02
+1.616000E-06,+3.900000E+00,+1.800000E-02
+1.618000E-06,+3.900000E+00,+1.800000E-02
+1.620000E-06,+3.900000E+00,+1.800000E-02
+1.622000E-06,+3.900000E+00,+1.600000E-02
+1.624000E-06,+3.900000E+00,+1.600000E-02
+1.626000E-06,+3.900000E+00,+1.200000E-02
+1.628000E-06,+3.900000E+00,+1.000000E-02
+1.630000E-06,+3.940000E+00,+7.999999E-03
+1.632000E-06,+3.900000E+00,+4.000000E-03
+1.634000E-06,+3.900000E+00,+0.000000E+00
+1.636000E-06,+3.900000E+00,-4.000000E-03
+1.638000E-06,+3.900000E+00,-7.999999E-03
+1.640000E-06,+3.860000E+00,-1.000000E-02
+1.642000E-06,+3.860000E+00,-1.400000E-02
+1.644000E-06,+3.860000E+00,-1.600000E-02
+1.646000E-06,+3.860000E+00,-1.800000E-02
+1.648000E-06,+3.860000E+00,-1.800000E-02
+1.650000E-06,+3.900000E+00,-1.800000E-02
+1.652000E-06,+3.860000E+00,-2.000000E-02
+1.654000E-06,+3.860000E+00,-2.000000E-02
+1.656000E-06,+3.860000E+00,-2.000000E-02
+1.658000E-06,+3.860000E+00,-2.000000E-02
+1.660000E-06,+3.860000E+00,-1.800000E-02
+1.662000E-06,+3.900000E+00,-1.800000E-02
+1.664000E-06,+3.900000E+00,-1.600000E-02
+1.666000E-06,+3.900000E+00,-1.600000E-02
+1.668000E-06,+3.900000E+00,-1.400000E-02
+1.670000E-06,+3.940000E+00,-1.200000E-02
+1.672000E-06,+3.900000E+00,-1.200000E-02
+1.674000E-06,+3.900000E+00,-1.200000E-02
+1.676000E-06,+3.900000E+00,-1.200000E-02
+1.678000E-06,+3.900000E+00,-1.200000E-02
+1.680000E-06,+3.900000E+00,-1.200000E-02
+1.682000E-06,+3.900000E+00,-1.400000E-02
+1.684000E-06,+3.900000E+00,-1.400000E-02
+1.686000E-06,+3.900000E+00,-1.600000E-02
+1.688000E-06,+3.900000E+00,-1.600000E-02
+1.690000E-06,+3.940000E+00,-1.600000E-02
+1.692000E-06,+3.900000E+00,-1.800000E-02
+1.694000E-06,+3.900000E+00,-2.000000E-02
+1.696000E-06,+3.900000E+00,-2.000000E-02
+1.698000E-06,+3.900000E+00,-2.200000E-02
+1.700000E-06,+3.900000E+00,-2.200000E-02
+1.702000E-06,+3.900000E+00,-2.200000E-02
+1.704000E-06,+3.900000E+00,-2.200000E-02
+1.706000E-06,+3.900000E+00,-2.200000E-02
+1.708000E-06,+3.900000E+00,-2.000000E-02
+1.710000E-06,+3.940000E+00,-1.800000E-02
+1.712000E-06,+3.900000E+00,-1.800000E-02
+1.714000E-06,+3.940000E+00,-1.600000E-02
+1.716000E-06,+3.940000E+00,-1.400000E-02
+1.718000E-06,+3.940000E+00,-1.200000E-02
+1.720000E-06,+3.940000E+00,-1.000000E-02
+1.722000E-06,+3.940000E+00,-7.999999E-03
+1.724000E-06,+3.940000E+00,-6.000000E-03
+1.726000E-06,+3.940000E+00,-4.000000E-03
+1.728000E-06,+3.940000E+00,-2.000000E-03
+1.730000E-06,+3.980000E+00,+0.000000E+00
+1.732000E-06,+3.940000E+00,+0.000000E+00
+1.734000E-06,+3.940000E+00,+0.000000E+00
+1.736000E-06,+3.940000E+00,+0.000000E+00
+1.738000E-06,+3.940000E+00,+0.000000E+00
+1.740000E-06,+3.940000E+00,+0.000000E+00
+1.742000E-06,+3.940000E+00,+0.000000E+00
+1.744000E-06,+3.900000E+00,+0.000000E+00
+1.746000E-06,+3.900000E+00,+0.000000E+00
+1.748000E-06,+3.900000E+00,+0.000000E+00
+1.750000E-06,+3.940000E+00,+0.000000E+00
+1.752000E-06,+3.900000E+00,-2.000000E-03
+1.754000E-06,+3.900000E+00,-2.000000E-03
+1.756000E-06,+3.900000E+00,-2.000000E-03
+1.758000E-06,+3.900000E+00,-2.000000E-03
+1.760000E-06,+3.900000E+00,-2.000000E-03
+1.762000E-06,+3.900000E+00,-2.000000E-03
+1.764000E-06,+3.900000E+00,-2.000000E-03
+1.766000E-06,+3.900000E+00,-2.000000E-03
+1.768000E-06,+3.900000E+00,+0.000000E+00
+1.770000E-06,+3.940000E+00,+2.000000E-03
+1.772000E-06,+3.900000E+00,+2.000000E-03
+1.774000E-06,+3.900000E+00,+2.000000E-03
+1.776000E-06,+3.900000E+00,+4.000000E-03
+1.778000E-06,+3.900000E+00,+4.000000E-03
+1.780000E-06,+3.900000E+00,+4.000000E-03
+1.782000E-06,+3.900000E+00,+6.000000E-03
+1.784000E-06,+3.900000E+00,+6.000000E-03
+1.786000E-06,+3.900000E+00,+6.000000E-03
+1.788000E-06,+3.900000E+00,+6.000000E-03
+1.790000E-06,+3.940000E+00,+7.999999E-03
+1.792000E-06,+3.900000E+00,+6.000000E-03
+1.794000E-06,+3.900000E+00,+6.000000E-03
+1.796000E-06,+3.900000E+00,+4.000000E-03
+1.798000E-06,+3.900000E+00,+2.000000E-03
+1.800000E-06,+3.900000E+00,+0.000000E+00
+1.802000E-06,+3.900000E+00,-2.000000E-03
+1.804000E-06,+3.900000E+00,-4.000000E-03
+1.806000E-06,+3.900000E+00,-6.000000E-03
+1.808000E-06,+3.900000E+00,-7.999999E-03
+1.810000E-06,+3.940000E+00,-1.000000E-02
+1.812000E-06,+3.900000E+00,-1.400000E-02
+1.814000E-06,+3.900000E+00,-1.800000E-02
+1.816000E-06,+3.900000E+00,-2.000000E-02
+1.818000E-06,+3.900000E+00,-2.200000E-02
+1.820000E-06,+3.940000E+00,-2.600000E-02
+1.822000E-06,+3.940000E+00,-2.800000E-02
+1.824000E-06,+3.940000E+00,-2.800000E-02
+1.826000E-06,+3.940000E+00,-3.000000E-02
+1.828000E-06,+3.940000E+00,-3.000000E-02
+1.830000E-06,+3.980000E+00,-2.800000E-02
+1.832000E-06,+3.940000E+00,-2.800000E-02
+1.834000E-06,+3.940000E+00,-2.800000E-02
+1.836000E-06,+3.940000E+00,-2.600000E-02
+1.838000E-06,+3.940000E+00,-2.400000E-02
+1.840000E-06,+3.940000E+00,-2.200000E-02
+1.842000E-06,+3.940000E+00,-2.000000E-02
+1.844000E-06,+3.940000E+00,-1.800000E-02
+1.846000E-06,+3.940000E+00,-1.400000E-02
+1.848000E-06,+3.940000E+00,-1.200000E-02
+1.850000E-06,+3.980000E+00,-7.999999E-03
+1.852000E-06,+3.940000E+00,-6.000000E-03
+1.854000E-06,+3.940000E+00,-6.000000E-03
+1.856000E-06,+3.940000E+00,-4.000000E-03
+1.858000E-06,+3.940000E+00,-2.000000E-03
+1.860000E-06,+3.900000E+00,+0.000000E+00
+1.862000E-06,+3.900000E+00,+0.000000E+00
+1.864000E-06,+3.900000E+00,+2.000000E-03
+1.866000E-06,+3.900000E+00,+2.000000E-03
+1.868000E-06,+3.900000E+00,+4.000000E-03
+1.870000E-06,+3.940000E+00,+6.000000E-03
+1.872000E-06,+3.900000E+00,+6.000000E-03
+1.874000E-06,+3.900000E+00,+6.000000E-03
+1.876000E-06,+3.900000E+00,+6.000000E-03
+1.878000E-06,+3.900000E+00,+6.000000E-03
+1.880000E-06,+3.900000E+00,+6.000000E-03
+1.882000E-06,+3.900000E+00,+7.999999E-03
+1.884000E-06,+3.900000E+00,+7.999999E-03
+1.886000E-06,+3.900000E+00,+7.999999E-03
+1.888000E-06,+3.900000E+00,+7.999999E-03
+1.890000E-06,+3.940000E+00,+7.999999E-03
+1.892000E-06,+3.900000E+00,+6.000000E-03
+1.894000E-06,+3.900000E+00,+4.000000E-03
+1.896000E-06,+3.900000E+00,+4.000000E-03
+1.898000E-06,+3.900000E+00,+2.000000E-03
+1.900000E-06,+3.900000E+00,+0.000000E+00
+1.902000E-06,+3.900000E+00,-2.000000E-03
+1.904000E-06,+3.900000E+00,-4.000000E-03
+1.906000E-06,+3.900000E+00,-6.000000E-03
+1.908000E-06,+3.900000E+00,-7.999999E-03
+1.910000E-06,+3.940000E+00,-7.999999E-03
+1.912000E-06,+3.900000E+00,-1.200000E-02
+1.914000E-06,+3.900000E+00,-1.400000E-02
+1.916000E-06,+3.900000E+00,-1.400000E-02
+1.918000E-06,+3.900000E+00,-1.600000E-02
+1.920000E-06,+3.900000E+00,-1.800000E-02
+1.922000E-06,+3.900000E+00,-1.800000E-02
+1.924000E-06,+3.900000E+00,-1.800000E-02
+1.926000E-06,+3.900000E+00,-2.000000E-02
+1.928000E-06,+3.900000E+00,-2.000000E-02
+1.930000E-06,+3.940000E+00,-1.800000E-02
+1.932000E-06,+3.900000E+00,-2.000000E-02
+1.934000E-06,+3.900000E+00,-2.000000E-02
+1.936000E-06,+3.900000E+00,-1.800000E-02
+1.938000E-06,+3.900000E+00,-1.800000E-02
+1.940000E-06,+3.900000E+00,-1.800000E-02
+1.942000E-06,+3.900000E+00,-1.800000E-02
+1.944000E-06,+3.900000E+00,-1.600000E-02
+1.946000E-06,+3.900000E+00,-1.600000E-02
+1.948000E-06,+3.900000E+00,-1.600000E-02
+1.950000E-06,+3.940000E+00,-1.400000E-02
+1.952000E-06,+3.900000E+00,-1.400000E-02
+1.954000E-06,+3.900000E+00,-1.400000E-02
+1.956000E-06,+3.900000E+00,-1.400000E-02
+1.958000E-06,+3.900000E+00,-1.400000E-02
+1.960000E-06,+3.940000E+00,-1.400000E-02
+1.962000E-06,+3.940000E+00,-1.400000E-02
+1.964000E-06,+3.940000E+00,-1.400000E-02
+1.966000E-06,+3.940000E+00,-1.400000E-02
+1.968000E-06,+3.940000E+00,-1.400000E-02
+1.970000E-06,+3.980000E+00,-1.400000E-02
+1.972000E-06,+3.940000E+00,-1.600000E-02
+1.974000E-06,+3.940000E+00,-1.600000E-02
+1.976000E-06,+3.940000E+00,-1.600000E-02
+1.978000E-06,+3.940000E+00,-1.800000E-02
+1.980000E-06,+3.940000E+00,-1.800000E-02
+1.982000E-06,+3.940000E+00,-1.800000E-02
+1.984000E-06,+3.940000E+00,-1.800000E-02
+1.986000E-06,+3.940000E+00,-1.800000E-02
+1.988000E-06,+3.940000E+00,-1.800000E-02
+1.990000E-06,+3.980000E+00,-1.600000E-02
+1.992000E-06,+3.940000E+00,-1.800000E-02
+1.994000E-06,+3.940000E+00,-1.600000E-02
+1.996000E-06,+3.940000E+00,-1.600000E-02
+1.998000E-06,+3.940000E+00,-1.600000E-02
+2.000000E-06,+3.940000E+00,-1.600000E-02
+2.002000E-06,+3.940000E+00,-1.600000E-02
+2.004000E-06,+3.900000E+00,-1.400000E-02
+2.006000E-06,+3.900000E+00,-1.400000E-02
+2.008000E-06,+3.900000E+00,-1.200000E-02
+2.010000E-06,+3.940000E+00,-1.000000E-02
+2.012000E-06,+3.900000E+00,-1.000000E-02
+2.014000E-06,+3.900000E+00,-1.000000E-02
+2.016000E-06,+3.900000E+00,-7.999999E-03
+2.018000E-06,+3.900000E+00,-7.999999E-03
+2.020000E-06,+3.900000E+00,-6.000000E-03
+2.022000E-06,+3.860000E+00,-4.000000E-03
+2.024000E-06,+3.860000E+00,-4.000000E-03
+2.026000E-06,+3.860000E+00,-2.000000E-03
+2.028000E-06,+3.860000E+00,+0.000000E+00
+2.030000E-06,+3.900000E+00,+2.000000E-03
+2.032000E-06,+3.860000E+00,+2.000000E-03
+2.034000E-06,+3.860000E+00,+2.000000E-03
+2.036000E-06,+3.860000E+00,+4.000000E-03
+2.038000E-06,+3.860000E+00,+4.000000E-03
+2.040000E-06,+3.860000E+00,+4.000000E-03
+2.042000E-06,+3.860000E+00,+4.000000E-03
+2.044000E-06,+3.860000E+00,+4.000000E-03
+2.046000E-06,+3.860000E+00,+4.000000E-03
+2.048000E-06,+3.860000E+00,+4.000000E-03
+2.050000E-06,+3.900000E+00,+4.000000E-03
+2.052000E-06,+3.860000E+00,+2.000000E-03
+2.054000E-06,+3.860000E+00,+0.000000E+00
+2.056000E-06,+3.860000E+00,-2.000000E-03
+2.058000E-06,+3.860000E+00,-4.000000E-03
+2.060000E-06,+3.900000E+00,-6.000000E-03
+2.062000E-06,+3.900000E+00,-7.999999E-03
+2.064000E-06,+3.900000E+00,-7.999999E-03
+2.066000E-06,+3.900000E+00,-1.000000E-02
+2.068000E-06,+3.900000E+00,-1.200000E-02
+2.070000E-06,+3.940000E+00,-1.200000E-02
+2.072000E-06,+3.900000E+00,-1.400000E-02
+2.074000E-06,+3.900000E+00,-1.600000E-02
+2.076000E-06,+3.900000E+00,-1.600000E-02
+2.078000E-06,+3.940000E+00,-1.600000E-02
+2.080000E-06,+3.940000E+00,-1.800000E-02
+2.082000E-06,+3.940000E+00,-1.800000E-02
+2.084000E-06,+3.940000E+00,-1.600000E-02
+2.086000E-06,+3.940000E+00,-1.600000E-02
+2.088000E-06,+3.940000E+00,-1.600000E-02
+2.090000E-06,+3.980000E+00,-1.400000E-02
+2.092000E-06,+3.940000E+00,-1.400000E-02
+2.094000E-06,+3.940000E+00,-1.400000E-02
+2.096000E-06,+3.940000E+00,-1.400000E-02
+2.098000E-06,+3.940000E+00,-1.400000E-02
+2.100000E-06,+3.940000E+00,-1.200000E-02
+2.102000E-06,+3.940000E+00,-1.200000E-02
+2.104000E-06,+3.940000E+00,-1.200000E-02
+2.106000E-06,+3.940000E+00,-1.200000E-02
+2.108000E-06,+3.940000E+00,-1.200000E-02
+2.110000E-06,+3.980000E+00,-1.000000E-02
+2.112000E-06,+3.940000E+00,-1.200000E-02
+2.114000E-06,+3.940000E+00,-1.200000E-02
+2.116000E-06,+3.940000E+00,-1.200000E-02
+2.118000E-06,+3.940000E+00,-1.200000E-02
+2.120000E-06,+3.900000E+00,-1.000000E-02
+2.122000E-06,+3.900000E+00,-1.000000E-02
+2.124000E-06,+3.900000E+00,-1.000000E-02
+2.126000E-06,+3.900000E+00,-1.000000E-02
+2.128000E-06,+3.900000E+00,-7.999999E-03
+2.130000E-06,+3.940000E+00,-6.000000E-03
+2.132000E-06,+3.900000E+00,-6.000000E-03
+2.134000E-06,+3.900000E+00,-6.000000E-03
+2.136000E-06,+3.900000E+00,-4.000000E-03
+2.138000E-06,+3.900000E+00,-4.000000E-03
+2.140000E-06,+3.900000E+00,-2.000000E-03
+2.142000E-06,+3.900000E+00,-2.000000E-03
+2.144000E-06,+3.900000E+00,+0.000000E+00
+2.146000E-06,+3.900000E+00,+0.000000E+00
+2.148000E-06,+3.900000E+00,+0.000000E+00
+2.150000E-06,+3.940000E+00,+2.000000E-03
+2.152000E-06,+3.900000E+00,+0.000000E+00
+2.154000E-06,+3.900000E+00,+0.000000E+00
+2.156000E-06,+3.900000E+00,+0.000000E+00
+2.158000E-06,+3.900000E+00,+0.000000E+00
+2.160000E-06,+3.900000E+00,+0.000000E+00
+2.162000E-06,+3.900000E+00,+0.000000E+00
+2.164000E-06,+3.900000E+00,+0.000000E+00
+2.166000E-06,+3.900000E+00,+0.000000E+00
+2.168000E-06,+3.900000E+00,+0.000000E+00
+2.170000E-06,+3.900000E+00,+2.000000E-03
+2.172000E-06,+3.860000E+00,+2.000000E-03
+2.174000E-06,+3.860000E+00,+2.000000E-03
+2.176000E-06,+3.860000E+00,+2.000000E-03
+2.178000E-06,+3.860000E+00,+2.000000E-03
+2.180000E-06,+3.860000E+00,+2.000000E-03
+2.182000E-06,+3.860000E+00,+2.000000E-03
+2.184000E-06,+3.860000E+00,+2.000000E-03
+2.186000E-06,+3.860000E+00,+4.000000E-03
+2.188000E-06,+3.860000E+00,+4.000000E-03
+2.190000E-06,+3.900000E+00,+4.000000E-03
+2.192000E-06,+3.900000E+00,+2.000000E-03
+2.194000E-06,+3.900000E+00,+2.000000E-03
+2.196000E-06,+3.900000E+00,+0.000000E+00
+2.198000E-06,+3.900000E+00,-2.000000E-03
+2.200000E-06,+3.900000E+00,-4.000000E-03
+2.202000E-06,+3.900000E+00,-4.000000E-03
+2.204000E-06,+3.900000E+00,-6.000000E-03
+2.206000E-06,+3.900000E+00,-7.999999E-03
+2.208000E-06,+3.900000E+00,-1.000000E-02
+2.210000E-06,+3.940000E+00,-1.000000E-02
+2.212000E-06,+3.900000E+00,-1.200000E-02
+2.214000E-06,+3.900000E+00,-1.400000E-02
+2.216000E-06,+3.900000E+00,-1.600000E-02
+2.218000E-06,+3.900000E+00,-1.800000E-02
+2.220000E-06,+3.860000E+00,-1.800000E-02
+2.222000E-06,+3.860000E+00,-2.000000E-02
+2.224000E-06,+3.860000E+00,-2.000000E-02
+2.226000E-06,+3.860000E+00,-2.000000E-02
+2.228000E-06,+3.860000E+00,-2.000000E-02
+2.230000E-06,+3.900000E+00,-2.000000E-02
+2.232000E-06,+3.860000E+00,-2.200000E-02
+2.234000E-06,+3.860000E+00,-2.200000E-02
+2.236000E-06,+3.860000E+00,-2.200000E-02
+2.238000E-06,+3.860000E+00,-2.200000E-02
+2.240000E-06,+3.860000E+00,-2.200000E-02
+2.242000E-06,+3.900000E+00,-2.200000E-02
+2.244000E-06,+3.900000E+00,-2.200000E-02
+2.246000E-06,+3.900000E+00,-2.000000E-02
+2.248000E-06,+3.900000E+00,-2.000000E-02
+2.250000E-06,+3.940000E+00,-1.800000E-02
+2.252000E-06,+3.900000E+00,-1.800000E-02
+2.254000E-06,+3.900000E+00,-1.800000E-02
+2.256000E-06,+3.900000E+00,-1.600000E-02
+2.258000E-06,+3.900000E+00,-1.400000E-02
+2.260000E-06,+3.900000E+00,-1.400000E-02
+2.262000E-06,+3.900000E+00,-1.200000E-02
+2.264000E-06,+3.900000E+00,-1.000000E-02
+2.266000E-06,+3.900000E+00,-7.999999E-03
+2.268000E-06,+3.900000E+00,-6.000000E-03
+2.270000E-06,+3.940000E+00,-4.000000E-03
+2.272000E-06,+3.900000E+00,-4.000000E-03
+2.274000E-06,+3.900000E+00,-2.000000E-03
+2.276000E-06,+3.900000E+00,-2.000000E-03
+2.278000E-06,+3.900000E+00,-2.000000E-03
+2.280000E-06,+3.900000E+00,+0.000000E+00
+2.282000E-06,+3.900000E+00,+0.000000E+00
+2.284000E-06,+3.900000E+00,+0.000000E+00
+2.286000E-06,+3.900000E+00,+0.000000E+00
+2.288000E-06,+3.900000E+00,+2.000000E-03
+2.290000E-06,+3.940000E+00,+2.000000E-03
+2.292000E-06,+3.900000E+00,+0.000000E+00
+2.294000E-06,+3.900000E+00,+0.000000E+00
+2.296000E-06,+3.900000E+00,-2.000000E-03
+2.298000E-06,+3.900000E+00,-2.000000E-03
+2.300000E-06,+3.860000E+00,-2.000000E-03
+2.302000E-06,+3.860000E+00,-4.000000E-03
+2.304000E-06,+3.860000E+00,-4.000000E-03
+2.306000E-06,+3.860000E+00,-4.000000E-03
+2.308000E-06,+3.860000E+00,-4.000000E-03
+2.310000E-06,+3.900000E+00,-4.000000E-03
+2.312000E-06,+3.860000E+00,-6.000000E-03
+2.314000E-06,+3.860000E+00,-6.000000E-03
+2.316000E-06,+3.860000E+00,-6.000000E-03
+2.318000E-06,+3.860000E+00,-7.999999E-03
+2.320000E-06,+3.860000E+00,-7.999999E-03
+2.322000E-06,+3.900000E+00,-7.999999E-03
+2.324000E-06,+3.900000E+00,-7.999999E-03
+2.326000E-06,+3.900000E+00,-7.999999E-03
+2.328000E-06,+3.900000E+00,-7.999999E-03
+2.330000E-06,+3.940000E+00,-7.999999E-03
+2.332000E-06,+3.900000E+00,-1.000000E-02
+2.334000E-06,+3.900000E+00,-1.000000E-02
+2.336000E-06,+3.900000E+00,-1.200000E-02
+2.338000E-06,+3.900000E+00,-1.200000E-02
+2.340000E-06,+3.900000E+00,-1.200000E-02
+2.342000E-06,+3.900000E+00,-1.400000E-02
+2.344000E-06,+3.900000E+00,-1.400000E-02
+2.346000E-06,+3.900000E+00,-1.400000E-02
+2.348000E-06,+3.900000E+00,-1.400000E-02
+2.350000E-06,+3.900000E+00,-1.400000E-02
+2.352000E-06,+3.860000E+00,-1.600000E-02
+2.354000E-06,+3.860000E+00,-1.600000E-02
+2.356000E-06,+3.860000E+00,-1.600000E-02
+2.358000E-06,+3.860000E+00,-1.600000E-02
+2.360000E-06,+3.860000E+00,-1.600000E-02
+2.362000E-06,+3.860000E+00,-1.800000E-02
+2.364000E-06,+3.860000E+00,-1.800000E-02
+2.366000E-06,+3.860000E+00,-1.800000E-02
+2.368000E-06,+3.860000E+00,-1.800000E-02
+2.370000E-06,+3.900000E+00,-1.600000E-02
+2.372000E-06,+3.900000E+00,-1.800000E-02
+2.374000E-06,+3.900000E+00,-1.800000E-02
+2.376000E-06,+3.900000E+00,-1.800000E-02
+2.378000E-06,+3.900000E+00,-1.800000E-02
+2.380000E-06,+3.900000E+00,-1.800000E-02
+2.382000E-06,+3.900000E+00,-1.800000E-02
+2.384000E-06,+3.900000E+00,-1.800000E-02
+2.386000E-06,+3.900000E+00,-1.800000E-02
+2.388000E-06,+3.900000E+00,-1.800000E-02
+2.390000E-06,+3.940000E+00,-1.600000E-02
+2.392000E-06,+3.900000E+00,-1.600000E-02
+2.394000E-06,+3.900000E+00,-1.600000E-02
+2.396000E-06,+3.900000E+00,-1.600000E-02
+2.398000E-06,+3.900000E+00,-1.400000E-02
+2.400000E-06,+3.900000E+00,-1.200000E-02
+2.402000E-06,+3.860000E+00,-1.200000E-02
+2.404000E-06,+3.860000E+00,-1.000000E-02
+2.406000E-06,+3.860000E+00,-7.999999E-03
+2.408000E-06,+3.860000E+00,-6.000000E-03
+2.410000E-06,+3.900000E+00,-4.000000E-03
+2.412000E-06,+3.860000E+00,-4.000000E-03
+2.414000E-06,+3.860000E+00,-2.000000E-03
+2.416000E-06,+3.860000E+00,-2.000000E-03
+2.418000E-06,+3.860000E+00,+0.000000E+00
+2.420000E-06,+3.860000E+00,+0.000000E+00
+2.422000E-06,+3.860000E+00,+2.000000E-03
+2.424000E-06,+3.860000E+00,+2.000000E-03
+2.426000E-06,+3.860000E+00,+4.000000E-03
+2.428000E-06,+3.860000E+00,+4.000000E-03
+2.430000E-06,+3.900000E+00,+6.000000E-03
+2.432000E-06,+3.860000E+00,+6.000000E-03
+2.434000E-06,+3.860000E+00,+6.000000E-03
+2.436000E-06,+3.860000E+00,+6.000000E-03
+2.438000E-06,+3.860000E+00,+4.000000E-03
+2.440000E-06,+3.860000E+00,+4.000000E-03
+2.442000E-06,+3.820000E+00,+4.000000E-03
+2.444000E-06,+3.820000E+00,+4.000000E-03
+2.446000E-06,+3.820000E+00,+4.000000E-03
+2.448000E-06,+3.820000E+00,+4.000000E-03
+2.450000E-06,+3.860000E+00,+4.000000E-03
+2.452000E-06,+3.820000E+00,+2.000000E-03
+2.454000E-06,+3.820000E+00,+0.000000E+00
+2.456000E-06,+3.820000E+00,+0.000000E+00
+2.458000E-06,+3.820000E+00,-2.000000E-03
+2.460000E-06,+3.820000E+00,-2.000000E-03
+2.462000E-06,+3.820000E+00,-4.000000E-03
+2.464000E-06,+3.860000E+00,-4.000000E-03
+2.466000E-06,+3.860000E+00,-6.000000E-03
+2.468000E-06,+3.860000E+00,-6.000000E-03
+2.470000E-06,+3.900000E+00,-6.000000E-03
+2.472000E-06,+3.860000E+00,-7.999999E-03
+2.474000E-06,+3.860000E+00,-1.000000E-02
+2.476000E-06,+3.860000E+00,-1.000000E-02
+2.478000E-06,+3.860000E+00,-1.000000E-02
+2.480000E-06,+3.860000E+00,-1.200000E-02
+2.482000E-06,+3.860000E+00,-1.200000E-02
+2.484000E-06,+3.860000E+00,-1.200000E-02
+2.486000E-06,+3.860000E+00,-1.200000E-02
+2.488000E-06,+3.860000E+00,-1.200000E-02
+2.490000E-06,+3.900000E+00,-1.000000E-02
+2.492000E-06,+3.860000E+00,-1.000000E-02
+2.494000E-06,+3.860000E+00,-1.000000E-02
+2.496000E-06,+3.860000E+00,-1.000000E-02
+2.498000E-06,+3.860000E+00,-1.000000E-02
+2.500000E-06,+3.860000E+00,-1.000000E-02
+2.502000E-06,+3.860000E+00,-1.000000E-02
+2.504000E-06,+3.860000E+00,-7.999999E-03
+2.506000E-06,+3.860000E+00,-7.999999E-03
+2.508000E-06,+3.860000E+00,-7.999999E-03
+2.510000E-06,+3.900000E+00,-6.000000E-03
+2.512000E-06,+3.860000E+00,-6.000000E-03
+2.514000E-06,+3.860000E+00,-6.000000E-03
+2.516000E-06,+3.900000E+00,-6.000000E-03
+2.518000E-06,+3.900000E+00,-6.000000E-03
+2.520000E-06,+3.900000E+00,-6.000000E-03
+2.522000E-06,+3.900000E+00,-6.000000E-03
+2.524000E-06,+3.900000E+00,-6.000000E-03
+2.526000E-06,+3.900000E+00,-6.000000E-03
+2.528000E-06,+3.900000E+00,-6.000000E-03
+2.530000E-06,+3.940000E+00,-4.000000E-03
+2.532000E-06,+3.900000E+00,-6.000000E-03
+2.534000E-06,+3.900000E+00,-4.000000E-03
+2.536000E-06,+3.900000E+00,-4.000000E-03
+2.538000E-06,+3.900000E+00,-4.000000E-03
+2.540000E-06,+3.900000E+00,-4.000000E-03
+2.542000E-06,+3.900000E+00,-4.000000E-03
+2.544000E-06,+3.900000E+00,-4.000000E-03
+2.546000E-06,+3.860000E+00,-4.000000E-03
+2.548000E-06,+3.860000E+00,-4.000000E-03
+2.550000E-06,+3.900000E+00,-2.000000E-03
+2.552000E-06,+3.860000E+00,-4.000000E-03
+2.554000E-06,+3.860000E+00,-4.000000E-03
+2.556000E-06,+3.860000E+00,-4.000000E-03
+2.558000E-06,+3.860000E+00,-4.000000E-03
+2.560000E-06,+3.860000E+00,-4.000000E-03
+2.562000E-06,+3.860000E+00,-4.000000E-03
+2.564000E-06,+3.860000E+00,-4.000000E-03
+2.566000E-06,+3.860000E+00,-4.000000E-03
+2.568000E-06,+3.860000E+00,-4.000000E-03
+2.570000E-06,+3.900000E+00,-2.000000E-03
+2.572000E-06,+3.860000E+00,-4.000000E-03
+2.574000E-06,+3.860000E+00,-4.000000E-03
+2.576000E-06,+3.860000E+00,-4.000000E-03
+2.578000E-06,+3.900000E+00,-4.000000E-03
+2.580000E-06,+3.900000E+00,-4.000000E-03
+2.582000E-06,+3.900000E+00,-4.000000E-03
+2.584000E-06,+3.900000E+00,-6.000000E-03
+2.586000E-06,+3.900000E+00,-6.000000E-03
+2.588000E-06,+3.900000E+00,-6.000000E-03
+2.590000E-06,+3.940000E+00,-6.000000E-03
+2.592000E-06,+3.900000E+00,-7.999999E-03
+2.594000E-06,+3.900000E+00,-1.000000E-02
+2.596000E-06,+3.900000E+00,-1.000000E-02
+2.598000E-06,+3.900000E+00,-1.200000E-02
+2.600000E-06,+3.900000E+00,-1.400000E-02
+2.602000E-06,+3.900000E+00,-1.400000E-02
+2.604000E-06,+3.900000E+00,-1.600000E-02
+2.606000E-06,+3.900000E+00,-1.600000E-02
+2.608000E-06,+3.900000E+00,-1.600000E-02
+2.610000E-06,+3.940000E+00,-1.600000E-02
+2.612000E-06,+3.900000E+00,-1.800000E-02
+2.614000E-06,+3.900000E+00,-1.800000E-02
+2.616000E-06,+3.900000E+00,-1.800000E-02
+2.618000E-06,+3.900000E+00,-1.800000E-02
+2.620000E-06,+3.900000E+00,-1.800000E-02
+2.622000E-06,+3.900000E+00,-1.800000E-02
+2.624000E-06,+3.900000E+00,-1.800000E-02
+2.626000E-06,+3.900000E+00,-1.600000E-02
+2.628000E-06,+3.900000E+00,-1.600000E-02
+2.630000E-06,+3.940000E+00,-1.400000E-02
+2.632000E-06,+3.900000E+00,-1.400000E-02
+2.634000E-06,+3.900000E+00,-1.400000E-02
+2.636000E-06,+3.900000E+00,-1.400000E-02
+2.638000E-06,+3.900000E+00,-1.400000E-02
+2.640000E-06,+3.900000E+00,-1.400000E-02
+2.642000E-06,+3.900000E+00,-1.400000E-02
+2.644000E-06,+3.900000E+00,-1.200000E-02
+2.646000E-06,+3.900000E+00,-1.200000E-02
+2.648000E-06,+3.900000E+00,-1.200000E-02
+2.650000E-06,+3.940000E+00,-1.000000E-02
+2.652000E-06,+3.900000E+00,-1.000000E-02
+2.654000E-06,+3.900000E+00,-1.000000E-02
+2.656000E-06,+3.900000E+00,-1.000000E-02
+2.658000E-06,+3.900000E+00,-1.000000E-02
